Firstname,Lastname,Age
Elizabeth,Edwards,88
Chelsea,Rios,48
Phillip,Brown,86
Morgan,Sullivan,42
Brett,Moore,25
Janet,Carson,80
Robert,Vasquez,110
Antonio,Flores,4
Karen,Mills,25
Michael,Hodges,101
Amy,Ray,59
Evan,Stephens,12
Caitlin,Morales,20
Samantha,Juarez,39
Elizabeth,Williams,118
Kyle,Garrison,90
Margaret,Monroe,25
James,Perry,116
Hannah,Gilbert,96
Stephen,Cervantes,61
David,Higgins,89
Joshua,Cobb,78
Allison,Martin,106
Ashley,Padilla,32
Mike,Williams,37
Sarah,Lee,37
Jon,Villarreal,41
Cynthia,Martin,42
Scott,Whitehead,38
Ray,Diaz,35
Jeremy,Turner,33
Susan,Gonzalez,85
Ronnie,Herman,44
Katherine,Thomas,28
Michael,Edwards,108
John,Reyes,87
Samuel,Mcneil,15
Gabriela,Oneill,9
Jack,Spencer,61
Joseph,Johnson,56
Jessica,Scott,5
Jennifer,Martin,97
Angela,Morrison,81
Karen,Brown,50
Jacob,Sanders,106
Miranda,Ortega,50
Janet,Cole,72
Leah,Ochoa,65
Nicholas,Kim,48
Vanessa,Williams,15
Sheila,Moore,3
Nicole,Cunningham,45
Micheal,Carrillo,67
Debra,Smith,116
Jessica,Garner,83
Eric,Hull,4
Sara,Moore,57
Terri,Todd,109
Ashley,Young,103
Robert,Miles,18
Stephen,Mcbride,37
Andrew,Cook,15
Daniel,Nichols,109
Frank,Mcclure,86
Dawn,Cohen,31
Timothy,Wright,23
Krystal,Smith,22
Brett,Martin,77
Robert,Salazar,40
Valerie,Francis,85
April,Lopez,91
Blake,Perez,117
Danielle,Smith,1
Todd,Wilcox,30
Sharon,Evans,68
Erica,Henry,53
Ashley,Davis,82
Richard,Scott,86
Mark,Anderson,21
John,Oconnell,27
Kristi,Wheeler,3
James,Douglas,15
Melanie,Brown,35
Rebecca,Collins,50
Cody,Jackson,92
Alison,Murray,54
Daniel,Tran,54
Linda,Contreras,80
Joanna,Anderson,108
Paula,Villegas,105
Rodney,Ford,92
Julie,Leonard,18
Margaret,Jones,53
Jorge,Thomas,120
Kevin,Lewis,24
Dawn,Hanna,56
Shirley,Mendoza,109
Sarah,Hart,90
Joshua,Williams,71
Julie,Page,36
Jason,Cook,3
Valerie,Bryant,28
Alicia,Thomas,6
Yesenia,Singh,110
Karen,Haney,19
Justin,Mitchell,46
Carl,Moore,47
Felicia,Santiago,55
Patrick,Fleming,11
Angela,Thomas,31
Sarah,Turner,118
Tonya,Berger,60
Eric,Porter,94
Jose,Singh,52
Jessica,Jordan,15
Steven,Richards,42
Matthew,Ortega,37
Emily,Cook,97
Cole,Le,38
Stephen,Orr,32
Samantha,Perez,76
William,Rodriguez,110
Jacqueline,Clarke,19
Carrie,Anderson,53
Deborah,Moore,20
Robert,Pruitt,22
Charles,Harris,11
Robin,Duke,69
Nicholas,Reynolds,38
Kevin,Mclean,110
Tina,Taylor,50
Danielle,Bradshaw,86
Julia,Edwards,58
James,Fernandez,57
Christopher,Saunders,39
Diana,Brown,110
Greg,Romero,122
Jessica,Cervantes,100
James,Martin,103
Julie,Williams,67
Karen,Wilson,103
Debbie,Johnston,42
Denise,Stanley,24
Teresa,Harper,99
Darren,Luna,100
Robin,Murray,88
Ricky,Grant,31
Kayla,Martinez,80
Randall,Newman,72
Steven,Vang,11
Christopher,Trevino,16
Curtis,Rivera,46
Haley,Adams,10
Brenda,Ramirez,94
Michael,Jacobson,89
Suzanne,Pace,37
Melissa,Orozco,11
Tina,Stewart,35
Donna,Olson,76
Joseph,Perry,20
Steven,Alvarez,73
Cody,Flores,50
Gina,Thomas,95
Lisa,Hernandez,120
Jennifer,Sweeney,109
Nancy,Miller,39
Edward,Santos,25
Andrea,Bush,60
Brian,Dennis,32
Johnny,Mora,22
Ian,Smith,122
Juan,Matthews,62
Ryan,Bond,33
Diana,Camacho,97
Robert,Harper,109
David,Kim,29
Mckenzie,Reyes,33
Terri,Cooper,110
Elizabeth,Harvey,119
John,Jones,93
Julia,Salazar,67
Brittney,Diaz,20
Shawn,Gonzalez,37
James,Nelson,62
Clifford,Salazar,63
Ashley,Thompson,37
Michael,Deleon,83
Robert,Smith,86
Nicholas,Kaufman,33
Stephen,Bailey,72
Cynthia,Valencia,34
Andrea,Byrd,110
Sandra,Johnson,10
Karla,Moore,94
Peter,Salazar,77
Erica,Greene,89
Troy,Valenzuela,32
Nathaniel,Jordan,99
Michael,Morgan,81
Kelsey,Thompson,110
David,Hogan,21
Sheila,Wagner,112
Kimberly,Bernard,100
Thomas,Wood,71
Daniel,Martin,51
Caleb,Fuller,95
Andrea,Williams,82
Robert,Johnson,39
Duane,Kennedy,120
Rachel,Jackson,65
Antonio,Bailey,19
Latoya,Martin,93
Brady,Smith,20
Tiffany,Perkins,45
David,Bishop,42
Debra,Gonzalez,46
Corey,Sutton,17
Douglas,Gilbert,65
Timothy,Mayo,112
Zoe,Davis,99
William,Chapman,81
Angel,Reynolds,34
Stephanie,Smith,101
Shawna,Beck,42
Tracey,Byrd,114
Joseph,Williams,59
Diane,Roach,26
Phillip,Murphy,95
Jennifer,James,49
Christopher,White,4
Lisa,Robinson,61
Thomas,Adams,97
Douglas,Villanueva,72
Molly,Willis,76
Dominique,Young,10
Emily,Owens,67
Kevin,Little,72
Tiffany,Caldwell,118
Micheal,Martinez,21
Sharon,Woodard,39
Amy,Thomas,51
Sharon,Fuller,48
Jason,Gray,56
Brooke,Hernandez,58
Paul,Ho,53
Tonya,Daugherty,89
Daniel,Thomas,11
Jesse,Martinez,29
Thomas,Henry,71
Brittany,Jackson,79
Anne,Henderson,35
Susan,Hernandez,75
John,Nguyen,95
Jacqueline,White,80
Eric,Bowen,44
William,Peterson,35
Mark,Roberts,31
Victoria,Green,101
Kyle,West,113
Guy,Ramirez,70
Ian,Baker,115
Kelly,Diaz,110
William,Herrera,112
Scott,Hubbard,82
Brianna,Greene,89
Sarah,Sanders,91
Taylor,Sparks,80
Drew,Guerrero,58
Tara,Willis,85
Christopher,Freeman,9
Ian,Harvey,79
Matthew,Mccarty,22
Thomas,Murphy,30
Lawrence,Johnson,87
Laura,Garner,80
Veronica,Martinez,2
Christopher,Eaton,46
David,Myers,43
Joshua,Haley,9
Jennifer,Brown,80
Daniel,Stevenson,54
Billy,Ali,79
Emily,Carrillo,5
Jeanne,Kirk,25
Lindsey,Johnson,14
John,Harris,30
Roger,Gomez,71
Melissa,Johnson,106
Cynthia,Lopez,23
Cesar,Anderson,71
Stanley,Johnson,109
Melissa,Bell,103
Sophia,Garcia,110
Timothy,Gordon,117
Susan,Johnson,22
Nancy,Wallace,78
Christopher,Cowan,77
Darrell,Aguirre,116
Erica,Morris,112
Kristy,Gay,91
